{
  "beta": 0.030106704827255158,
  "h": 0.005748596497426532,
  "c_B": 0.020850004990119873,
  "a_B": 0.006509198594342754,
  "mu_S": 0.00423429290321998,
  "mu_I": 0.04426377438113789,
  "delta": 0.1917582435002783,
  "eta": 0.7054390459393063,
  "mu_F": 0.030862217188470997,
  "kappa": 0.002730498809404594,
  "T": 49.900947910541234,
  "R_B": 9.532574349157036,
  "sigma_A": 0.7807989402279203,
  "sigma_F": 0.3626502148328504,
  "K_0": 1.7123548379451874,
  "phi": 0.04485937545919421,
  "rho": 0.5,
  "u_P_max": 0.5,
  "u_C_max": 0.2,
  "u_B_max": 1.0,
  "_comment_T": "T is calibrated to 49.9 days; manuscript baseline is 55 days",
  "_comment_weights": "Cost weights below are calibrated values; code defaults differ (w_D=10, w_S=1, w_T=5, c_P=2, c_C=5, c_B=3)",
  "w_D": 1.0,
  "w_S": 0.1,
  "w_T": 5.0,
  "c_P_cost": 1.0,
  "c_C_cost": 1.0,
  "c_B_cost": 1.0
}
