{
  "beta": 0.02,
  "h": 0.002,
  "c_B": 0.02112,
  "a_B": 0.005,
  "mu_S": 0.01,
  "mu_I": 0.02,
  "delta": 0.18,
  "eta": 1.0,
  "mu_F": 0.04,
  "kappa": 0.001706247525429584,
  "T": 55.0,
  "R_B": 14.0,
  "sigma_A": 0.85,
  "sigma_F": 0.6,
  "K0": 2.0,
  "phi": 0.06,
  "rho": 0.5,
  "uP_max": 0.5,
  "uC_max": 0.2,
  "uB_max": 1.0,
  "w_D": 1.0,
  "w_S": 0.1,
  "w_T": 5.0,
  "cP_cost": 1.0,
  "cC_cost": 1.0,
  "cB_cost": 1.0
}