{
  "beta": 0.0301,
  "h": 0.00575,
  "c_B": 0.0209,
  "a_B": 0.00651,
  "mu_S": 0.00423,
  "mu_I": 0.0443,
  "delta": 0.1918,
  "eta": 0.7054,
  "mu_F": 0.0309,
  "kappa": 0.00273,
  "T": 49.9,
  "B_index": 1.59,
  "R_B": 9.53,
  "sigma_A": 0.781,
  "sigma_F": 0.363,
  "K_0": 1.712,
  "phi": 0.0449,
  "rho": 0.5,
  "u_P_max": 0.5,
  "u_C_max": 0.2,
  "u_B_max": 1.0,
  "D_crit": 0.5,
  "K_min": 0.856
}
