{
  "beta": 0.004,
  "h": 0.001,
  "c_B": 0.010001,
  "a_B": 0.0001,
  "mu_S": 0.008,
  "mu_I": 0.012,
  "delta": 0.12,
  "eta": 1.0,
  "mu_F": 0.08,
  "kappa": 0.015555555555555555,
  "T": 45.0,
  "R_B": 9.0,
  "sigma_A": 0.75,
  "sigma_F": 0.25,
  "K0": 1.0,
  "phi": 0.02,
  "rho": 0.5,
  "uP_max": 0.5,
  "uC_max": 0.2,
  "uB_max": 1.0,
  "w_D": 1.0,
  "w_S": 0.1,
  "w_T": 5.0,
  "cP_cost": 1.0,
  "cC_cost": 1.0,
  "cB_cost": 1.0
}