{
  "beta": 0.018746671150288198,
  "h": 0.0019937330308869416,
  "c_B": 0.012996622213527924,
  "a_B": 0.0034400794966332436,
  "mu_S": 0.006502221713012875,
  "mu_I": 0.030417295872951756,
  "delta": 0.1550259635687365,
  "eta": 0.47591885889326513,
  "mu_F": 0.03124202740301505,
  "kappa": 0.0010389043273214273,
  "T": 64.2370122364575,
  "R_B": 14.686678502704972,
  "sigma_A": 0.7550049843579147,
  "sigma_F": 0.6552345607126353,
  "K0": 2.040541911341168,
  "phi": 0.09721753823036562,
  "rho": 0.5,
  "B_index": 1.5917443496906365,
  "uP_max": 0.5,
  "uC_max": 0.2,
  "uB_max": 1.0,
  "w_D": 1.0,
  "w_S": 0.1,
  "w_T": 5.0,
  "cP_cost": 1.0,
  "cC_cost": 1.0,
  "cB_cost": 1.0,
  "D_crit": 0.5,
  "delta_pulse": 0.2,
  "recovery_horizon": 5,
  "latitude_horizon": 50,
  "fp_tol": 1e-08,
  "class_tol": 1e-06
}